"","Study","Group","Trial","Condition","Resp_RR","Resp_DET","Resp_LMAX","Resp_L","Resp_ENTR","Resp_LAM","Resp_TT","HR_RR","HR_DET","HR_LMAX","HR_L","HR_ENTR","HR_LAM","HR_TT","Type"
"1","1","1","1","Synchronous",4.82468537961549,86.6366467030184,22,4.46749380605758,1.94056538900389,92.4931468073061,5.07226454788701,21.330964301877,99.1010822027718,94,10.5500565311098,3.06276192242173,99.6952441324331,15.135781318889,"Real"
"2","1","1","2","TurnTaking",18.8015441023302,97.8741860270876,20,5.98419984002953,2.30245729431279,98.1859385330324,6.08009920486553,20.6370731131236,98.0179601209136,72,8.84323162240735,2.87572276017755,99.5666572494424,15.1582751607761,"Real"
"3","1","2","1","TurnTaking",4.21823717234722,79.0589187952189,20,3.49139673490542,1.64392049731318,87.3665804096913,8.24195959036811,21.1308933316216,98.7212738243728,87,9.11215548829059,2.86722413790923,99.5019952408787,14.2597539658982,"Real"
"4","1","2","2","Synchronous",6.85704013307218,91.3016981179703,14,4.33485712329002,1.94536359833562,97.4742794087419,38.6810246136234,21.896182048323,98.320892003936,76,9.39508777137042,2.96520277233502,99.7959910409116,15.1288554034509,"Real"
"5","1","3","2","TurnTaking",3.2106902567709,74.7644529069958,29,3.15770499986135,1.45539964240363,85.2145366205968,3.83607720273106,22.8766244969327,98.4109948640598,110,11.2400455533699,3.06573672652856,99.3314938461176,23.6670338214332,"Real"
"6","1","3","3","Synchronous",5.28477679371076,89.4442137000631,60,4.82317646408229,2.15455121913893,93.9621886873721,6.07760936619018,24.7986752208475,98.2785637751901,89,10.4817089910776,3.01880010023031,99.2351674941359,20.1145701987043,"Real"
"7","1","4","1","Synchronous",3.67822933510217,85.0898244651673,31,3.79974738775979,1.79590868614014,89.5356212287438,4.12897233201581,22.3739270875272,95.9535153498778,70,9.16006169909824,2.82728536632022,99.6256093687423,17.7969409152584,"Real"
"8","1","4","3","TurnTaking",3.37454990312767,85.3385648162339,27,3.22882437081996,1.49132172528357,91.7828934596246,3.60331341008464,21.7776038619224,96.8603976943279,78,9.18896618670118,2.82513979831027,99.2438970695391,16.6564581598668,"Real"
"9","2","10","1","Conversation",3.4366558901183,81.3724334766368,28,3.18550910695659,1.49578556809744,91.1199700753752,3.93500918324445,21.4471236734798,99.3031291249321,120,11.9186890847668,3.2432948936777,99.7927019437327,17.7763514292301,"Real"
"10","2","10","2","TurnTaking",3.44623556599067,86.4650666067113,42,3.36420931249751,1.60204954265227,90.8901845161752,3.96949341664807,21.7300649233165,98.7221151198017,86,9.50369254651226,2.96775691350399,99.5983858800426,13.5205626415544,"Real"
"11","2","10","3","Synchronous",3.92356404796952,84.7679830525971,40,3.62005251758572,1.72394005003305,88.9967550391146,4.17885819055447,21.6282574194669,98.9850227698171,90,9.89251991856234,2.98861447906077,99.762837797736,14.2376123161449,"Real"
"12","2","5","1","Synchronous",5.32540169042538,88.7904951176041,52,4.32821818885199,1.99678272526592,95.6222120080817,6.1003312026665,36.3792262733787,97.5078080669849,142,12.9499335064277,3.29784152529422,98.5369947405814,18.8076377006808,"Real"
"13","2","5","2","TurnTaking",3.44671102784463,81.742009319055,33,3.30214030670162,1.52560921402046,90.8393280470858,3.80797155768778,29.9647810913161,98.2110211241107,100,11.0305329614242,3.12602792234584,99.4707683757765,15.6299961795259,"Real"
"14","2","5","3","Conversation",3.66047515544521,84.8090365474077,48,3.55358906650003,1.66143559023616,91.2703796177363,4.12742026715398,21.2042358443943,95.0481109833096,74,8.3803447778419,2.83496878997243,96.8237424962082,10.5048105939575,"Real"
"15","2","6","1","TurnTaking",3.96985994478655,83.9395659965578,36,3.57868260302211,1.68631570817034,90.8617079792047,4.60841882649388,22.726161753025,93.6454578900527,87,7.62540089003804,2.76295239537701,96.4245968683737,10.8708178438662,"Real"
"16","2","6","2","Conversation",4.91395108976737,83.852240474757,35,3.5106976744186,1.67080915438293,89.0201685731487,4.15038762280291,16.4492581790768,93.6137184991147,101,7.86765931046707,2.70787603455626,95.7070107891554,12.813367406006,"Real"
"17","2","6","3","Synchronous",3.58658486140023,84.3968949924142,42,4.35015437566432,1.99168238906179,90.1169042229871,5.35576305806828,23.114865543494,94.5891487295557,70,9.93900611910169,2.88105045712805,97.6343425944409,20.7801399182213,"Real"
"18","2","7","1","Conversation",4.39728254179794,85.4862479375911,35,3.73107510530823,1.77897761253685,94.4999759719352,5.30564798992715,22.2149559022072,97.3398623197007,120,10.174178120205,3.08410882040473,99.0002717374329,15.6475779080531,"Real"
"19","2","7","2","Synchronous",4.03105364636098,81.2132226061657,31,3.31678858162355,1.57124972608742,92.9151504296429,5.50661488673139,23.5115487941388,98.8781121946829,116,11.3947030565829,3.14224616682753,99.5547420159747,19.4625636439688,"Real"
"20","2","7","3","TurnTaking",3.23454938278888,84.3450566202091,55,3.47692894654159,1.60981855798871,96.8036803135888,7.61820908311911,18.1762041742638,99.0813325164007,105,10.7682159044942,3.09103601232025,99.6850610122712,17.77244265977,"Real"
"21","2","8","1","TurnTaking",4.07701495891041,82.8516635639964,48,3.46876073708385,1.61726079037377,93.7400926913757,4.55185721177038,23.9591097767295,97.7849615731305,140,14.0631937358129,3.415850191208,98.2308073805654,22.3621934335443,"Real"
"22","2","8","2","Synchronous",3.83701238085058,71.652011088062,21,3.23982651642491,1.53329646833294,77.6774732436253,3.73404372669711,28.0857049532152,97.4198389831294,151,14.3404854986817,3.39868607158013,97.8106152549125,22.141956321132,"Real"
"23","2","8","3","Conversation",3.8897710369418,73.5408895005614,35,2.99522439797913,1.3517893775737,87.8657962406287,3.84944167873222,25.3464083148751,97.5769417658452,181,13.7186444591981,3.39515331258434,98.0451966574731,20.4031474756106,"Real"
"24","2","9","1","Synchronous",3.59565385602205,76.6820448022881,25,3.12635278143844,1.45946803639912,94.624019276542,5.02938879633486,22.2193272586513,98.2972128971817,100,9.31602702122779,2.96069067367148,99.6112108673589,13.7358165572182,"Real"
"25","2","9","2","Conversation",3.39277252196766,72.64266991929,28,2.92082142037273,1.30768742663211,88.1955726260608,3.5989748803321,21.1583539483843,98.3837499395361,91,9.33100321913441,2.92307260831216,99.4994002805523,13.2262884294729,"Real"
"26","2","9","3","TurnTaking",3.20917380754607,72.5146648083012,23,2.96546462311783,1.33408620872072,89.5697408348378,3.91704261854483,21.8244827531774,98.6623883866476,78,9.32291619725715,2.91279444663356,99.5470290222535,13.6472889334438,"Real"
"27","1","Group3&4",NA,"Synchronous",3.67804017766927,82.4944713969794,24,3.78551762114537,1.79756766421227,90.9390910805205,4.21413250714967,20.691749878955,98.4114516446956,68,9.45455849652105,2.84421243260069,99.5759092565271,17.1161477450653,"Surrogate"
"28","1","Group3&4",NA,"TurnTaking",3.53164202993646,81.4967049060288,31,3.1961174713788,1.49339207229004,92.9196973395167,3.72934952978056,19.7782392775304,98.2854216456128,81,9.82434945823735,2.88333915734584,99.216968248549,16.3390588103002,"Surrogate"
"29","1","Group3&4",NA,"Synchronous",4.97821379266643,91.4386315996124,45,4.89417666598875,2.16751491404447,93.7209876699576,5.56884289746002,26.1360999455877,95.6821919233357,80,9.58906673933391,2.88234472963125,99.3351216323095,21.5685242703494,"Surrogate"
"30","1","Group3&4",NA,"TurnTaking",4.05274240580593,83.2598819105311,47,3.86745178627885,1.75120909185182,87.7843761166601,4.26381255423778,25.1974363242321,97.1164720195951,69,10.4894279056978,3.01790190531376,99.2587510786431,22.5255731922399,"Surrogate"
"31","1","Group3&4",NA,"Synchronous",6.11665780253919,92.6450123184447,43,5.3834496391027,2.29415412885758,97.9254502159593,9.33672416334955,22.1731485066282,95.4769429719681,69,8.79744738768121,2.680670014368,96.5683405517188,14.5298360380761,"Surrogate"
"32","1","Group3&4",NA,"TurnTaking",3.87530691753594,86.6921133176739,36,3.56943986518665,1.69402515847955,96.0095024556908,5.81708894878706,20.55039416363,97.2264116844924,70,10.2131023056744,2.89929002664815,98.1439860679843,17.2367198545748,"Surrogate"
"33","1","Group3&4",NA,"Synchronous",3.42371800914324,82.2107017560014,36,3.71242047486382,1.76668493814404,92.0036096096649,5.54775124930594,23.2609308920619,98.3122060208523,98,10.4385066711799,3.10046812659854,99.2392573493957,21.105429685293,"Surrogate"
"34","1","Group3&4",NA,"TurnTaking",2.89358456580198,74.4590085795996,20,2.94398115429918,1.31774749406769,83.6582459485224,3.72940239043825,26.0691238996286,98.0135366507539,87,10.6220332084158,3.08196385531071,99.1950795595538,21.918867870532,"Surrogate"
"35","1","Group4&3",NA,"Synchronous",4.97821379266643,91.4386315996124,45,4.89417666598875,2.16751491404447,93.7209876699576,5.56884289746002,26.1360999455877,95.6821919233357,80,9.58906673933391,2.88234472963125,99.3351216323095,21.5685242703494,"Surrogate"
"36","1","Group4&3",NA,"TurnTaking",4.05274240580593,83.2598819105311,47,3.86745178627885,1.75120909185182,87.7843761166601,4.26381255423778,25.1974363242321,97.1164720195951,69,10.4894279056978,3.01790190531376,99.2587510786431,22.5255731922399,"Surrogate"
"37","1","Group4&3",NA,"Synchronous",3.67804017766927,82.4944713969794,24,3.78551762114537,1.79756766421227,90.9390910805205,4.21413250714967,20.691749878955,98.4114516446956,68,9.45455849652105,2.84421243260069,99.5759092565271,17.1161477450653,"Surrogate"
"38","1","Group4&3",NA,"TurnTaking",3.53164202993646,81.4967049060288,31,3.1961174713788,1.49339207229004,92.9196973395167,3.72934952978056,19.7782392775304,98.2854216456128,81,9.82434945823735,2.88333915734584,99.216968248549,16.3390588103002,"Surrogate"
"39","1","Group4&3",NA,"Synchronous",6.11665780253919,92.6450123184447,43,5.3834496391027,2.29415412885758,95.0092259481079,5.91575738125802,22.1731485066282,95.4769429719681,69,8.79744738768121,2.680670014368,99.4747858174055,17.5365548076451,"Surrogate"
"40","1","Group4&3",NA,"TurnTaking",3.87530691753594,86.6921133176739,36,3.56943986518665,1.69402515847955,91.965620328849,4.08367903283157,20.55039416363,97.2264116844924,70,10.2131023056744,2.89929002664815,99.5243728128543,19.8882103811681,"Surrogate"
"41","1","Group4&3",NA,"Synchronous",3.42371800914324,82.2107017560014,36,3.71242047486382,1.76668493814404,90.8332489249441,4.19547465124192,23.2609308920619,98.3122060208523,98,10.4385066711799,3.10046812659854,99.5467690022941,17.1073597224125,"Surrogate"
"42","1","Group4&3",NA,"TurnTaking",2.89358456580198,74.4590085795996,20,2.94398115429918,1.31774749406769,92.6906577693041,3.66137914803483,26.0691238996286,98.0135366507539,87,10.6220332084158,3.08196385531071,99.2479206761591,17.3289086879834,"Surrogate"
"43","2","Group10&5",NA,"Synchronous",5.30886618372656,90.6386620405076,55,4.50554016620499,2.06391292130016,93.6356037336553,6.01724468697376,23.3187927909394,96.6556124384616,116,9.1051561996328,2.90122834081232,97.4175061482635,13.1336161506755,"Surrogate"
"44","2","Group10&5",NA,"TurnTaking",3.24220960154712,82.3452733346006,29,2.99009940044178,1.34415751569977,87.8380360101024,3.30505599607619,21.9297595875382,98.1581339131962,82,9.62977736045257,3.0153064170823,99.0804512235733,14.5368474804447,"Surrogate"
"45","2","Group10&5",NA,"Synchronous",4.0072981633613,83.6018315887538,38,3.75616497857806,1.78247010899058,91.9551594730227,4.37652939577102,22.7498746270687,98.3020774160589,85,9.78963794307931,2.89996428112083,99.7659904611947,14.3333077723613,"Surrogate"
"46","2","Group10&5",NA,"TurnTaking",3.38118534048968,84.9297161041004,36,3.46922667801298,1.6485830553277,92.4622539803236,4.07861606322367,23.3462525419351,97.9168787359802,68,9.44368881945739,2.83668002180315,99.7410587243148,12.6415414171093,"Surrogate"
"47","2","Group10&5",NA,"Synchronous",4.41341302543598,88.2756639427988,43,3.92729080129229,1.85808283064995,91.7094931052094,4.75753435999338,23.3905905858676,98.3706127388998,160,12.7019314558217,2.88112051069378,98.9403902787038,24.6737252871225,"Surrogate"
"48","2","Group10&5",NA,"TurnTaking",3.71747774882548,89.7846559041989,42,3.67665657976412,1.75858643575316,93.9484803698651,4.83634900507218,20.7793469366939,97.5463482395683,100,12.7364841297524,3.06869088238259,98.2748804562697,28.0191122218255,"Surrogate"
"49","2","Group10&5",NA,"Synchronous",4.15736801222958,83.7947510208231,40,3.81623519425904,1.80895986865526,91.1137561207028,4.30519974381555,22.5910486762683,96.4435254071744,98,7.6276341199762,2.70018345176856,99.7926791156459,13.9289741061476,"Surrogate"
"50","2","Group10&5",NA,"TurnTaking",3.34335970855245,79.6606955688169,36,3.13327118292936,1.43089359931282,92.1678719470765,3.97124636891794,24.7402468879672,97.9898697681854,78,8.25803611524735,2.80189556795344,99.6618348003753,13.629854438755,"Surrogate"
"51","2","Group10&6",NA,"Synchronous",4.08633048930836,85.4307261366085,39,4.18992264446041,1.96356926384575,88.6149536737772,5.47808828622426,24.2424673462276,96.9858249912345,126,11.8141849782527,3.08597989519734,97.5586212818329,21.2943133365611,"Surrogate"
"52","2","Group10&6",NA,"TurnTaking",3.87550718132301,85.6391824716691,40,3.51078533641308,1.65628722315581,89.5736965984787,4.34671017816193,21.8729146071131,95.1133687040518,86,8.042333612741,2.84738274994461,95.8774872514731,10.3909717566569,"Surrogate"
"53","2","Group10&6",NA,"Synchronous",3.60202856680477,85.3535600445861,40,3.99617752752409,1.86845743212883,91.886989850793,4.42867577756833,20.8553426215406,96.4921327922453,60,8.26402097179778,2.77845068803999,99.7450653722254,14.3725685247552,"Surrogate"
"54","2","Group10&6",NA,"TurnTaking",3.59780223921402,84.926189870196,42,3.46453815742183,1.63884671665394,92.503964602463,4.14612903933484,20.0036913676639,95.493130692446,52,7.91900501948827,2.75080000856648,99.5773400868733,13.1055935356487,"Surrogate"
"55","2","Group10&6",NA,"Synchronous",3.68287469167619,90.0420294636582,58,4.17832656593224,1.94287261597901,93.6209889116807,5.15122336227309,21.3943725030578,96.6221886368999,89,9.95716111997727,2.76718536857452,97.293615806795,14.8451603325416,"Surrogate"
"56","2","Group10&6",NA,"TurnTaking",3.85703460781177,89.7004506252597,35,3.58534983028578,1.71690841113894,94.0610604075259,4.57346771150132,21.7250343940754,96.477497295204,111,10.4117069219567,2.87017497326927,97.1373477429426,15.9449650707105,"Surrogate"
"57","2","Group10&6",NA,"Synchronous",3.89239488198773,80.9221985459448,40,3.89843511616756,1.82788042801936,91.2566674357687,4.42445711778899,22.9452152814989,96.6887822756599,109,9.33149711433929,2.86105405882666,99.7725942849194,13.9592773582112,"Surrogate"
"58","2","Group10&6",NA,"TurnTaking",3.54898815554083,80.5235789139409,41,3.2997966653111,1.53905923346866,92.1631867259447,4.0683824334684,18.5757149292751,93.0518941442009,42,6.28999861126892,2.53701921316384,99.4735972164247,12.861820816228,"Surrogate"
"59","2","Group10&7",NA,"Synchronous",5.76946545232535,91.778225437231,48,4.396996461264,2.04045439602613,94.7086652626438,5.96799569172773,21.8988478526839,98.9019545715587,148,11.7687928287979,3.2183204140566,99.5391409390657,19.463871377457,"Surrogate"
"60","2","Group10&7",NA,"TurnTaking",4.58486104803415,94.1822860654478,44,4.48968269952579,2.0771285331201,97.0433246274389,7.44130293927078,19.7994865737777,98.9218513037924,126,11.3021391177266,3.21334094322811,99.652181836182,18.2866720257235,"Surrogate"
"61","2","Group10&7",NA,"Synchronous",3.4535788101796,76.9985416942861,30,3.17150417944302,1.48278286361849,90.19365891963,4.24349870453891,22.6543292647916,98.8608528327834,108,9.58137601947296,2.93284167213519,99.7640846661159,14.1122135089468,"Surrogate"
"62","2","Group10&7",NA,"TurnTaking",3.11300724515817,79.847605471269,34,3.16231293126624,1.4774693009537,92.2247112197219,4.03197724743415,21.3773033969429,98.963370251688,116,9.43453909706965,2.9293318868479,99.6782593383908,13.7018025253201,"Surrogate"
"63","2","Group10&7",NA,"Synchronous",4.22423203665494,84.6411345625539,32,3.41446925871115,1.62722200586792,88.3692330780679,3.74922178988327,24.5122251401219,99.0868180946457,150,12.3921532184549,2.9893268072289,99.6906051387005,22.2158807759029,"Surrogate"
"64","2","Group10&7",NA,"TurnTaking",3.55317926373499,85.8896587270907,34,3.39843121874694,1.61819436837589,90.1369849435507,4.09826941277209,20.6564112100314,99.2083479943332,109,12.2131086529515,3.0342934582794,99.8962882967011,22.134343077238,"Surrogate"
"65","2","Group10&7",NA,"Synchronous",4.19973694632687,82.2478929934169,30,3.53709246970571,1.6828687540724,90.2406809509833,4.29356608478803,20.9829099044356,98.6469337967284,100,9.43613588916302,2.92133783507882,99.7798487627963,14.0981883169219,"Surrogate"
"66","2","Group10&7",NA,"TurnTaking",3.37903695729771,87.2616410871095,32,3.67076619533048,1.74503108497432,91.0675665111916,4.04371268570371,19.3398870143132,98.5562011505903,106,8.7305455354447,2.83119929435131,99.6240041761368,13.2453343191385,"Surrogate"
"67","2","Group10&8",NA,"Synchronous",3.91600948740105,73.5459442930506,29,3.43809123397099,1.64184000731485,76.9131838581155,3.88475515580994,21.7023970124901,96.4125969147151,101,10.7773091974768,2.99766798929639,97.038206378387,17.9097024503223,"Surrogate"
"68","2","Group10&8",NA,"TurnTaking",3.48506495073071,88.3879215385082,36,3.47867157203938,1.65593136930332,93.0411407435853,4.2433055261096,19.7264224732129,96.9377122008743,109,11.1759785881566,3.13968488534843,97.6598437023221,19.4251906527671,"Surrogate"
"69","2","Group10&8",NA,"Synchronous",4.00192720538138,83.486537268379,35,3.57103331451158,1.69846929557817,90.2942483619866,4.31990905454622,23.4301929936523,99.2067840178159,108,10.4003384015958,2.97685113036991,99.7794483469361,13.9155911202891,"Surrogate"
"70","2","Group10&8",NA,"TurnTaking",3.39682275257546,78.6795925244304,28,3.10245507880374,1.42561663941453,91.4953731304596,4.01022494887526,23.3499300322769,99.0658781035557,93,10.3471786833856,2.95650911001867,99.686199229316,13.1503934770039,"Surrogate"
"71","2","Group10&8",NA,"Synchronous",5.08321550977699,90.9322386198295,40,3.92407050275822,1.8672505323105,94.5527610337421,4.72608266523523,25.6400871426438,99.3547121304377,130,14.0226300511802,3.14382942876722,99.844936066572,29.7158505154639,"Surrogate"
"72","2","Group10&8",NA,"TurnTaking",4.18834347153014,86.290536194044,63,3.43917152624171,1.62735503557678,90.5315691443515,3.99686299259369,21.3790727555036,99.0809445491581,111,13.5388214424303,3.11993285074755,99.7309448331428,31.3461440375395,"Surrogate"
"73","2","Group10&8",NA,"Synchronous",3.95210936890539,70.6774555759531,35,3.30396384011331,1.56452327621968,90.8999768299856,4.41492815096953,21.5750031961207,96.2410633596944,73,8.65888310185186,2.81342492485046,99.7673981070242,14.0839112422677,"Surrogate"
"74","2","Group10&8",NA,"TurnTaking",3.74376902837961,84.607967186743,33,3.37797892918177,1.59245756207191,92.6885139489268,4.10663971323775,18.9677145837298,96.5085769732709,62,8.33056246299585,2.76585194413636,99.5378850995609,12.3808212945057,"Surrogate"
"75","2","Group10&9",NA,"Synchronous",6.36662793120032,93.2115583018247,61,4.52352380568867,2.07845665658103,95.8887097175701,5.84960769425462,22.8462699753209,98.7809804091289,123,9.59253087557603,2.9687953522882,99.6001646113032,13.567944395027,"Surrogate"
"76","2","Group10&9",NA,"TurnTaking",3.41575317824237,84.0861988967366,35,3.32677912170845,1.56593527352967,88.6178274990978,3.82050142247511,21.645118365751,98.7429055023329,87,9.54851709199687,2.95282267166383,99.6044231518242,13.5947802498305,"Surrogate"
"77","2","Group10&9",NA,"Synchronous",3.61736661401954,73.3977869622576,29,3.30548308596234,1.55913531267528,90.6318305512148,4.29014194856669,21.4518246163224,98.4996623957369,84,9.67637666423056,2.98699109448462,99.7622619081312,14.4537583766812,"Surrogate"
"78","2","Group10&9",NA,"TurnTaking",3.11624742964441,73.9147387574734,26,2.90895140664962,1.29718987644413,92.538511092777,4.05462018421313,22.0377771930028,98.7543626823589,83,9.0626056429593,2.88640341018041,99.6587780238879,13.1549586991532,"Surrogate"
"79","2","Group10&9",NA,"Synchronous",3.87291855567368,79.3326088636891,24,3.19982760834082,1.50618648371183,83.4889124316263,3.35154966597306,22.7187894256888,98.7416898463991,119,12.2495832228242,3.08951197465915,99.3151066700364,21.0289229475863,"Surrogate"
"80","2","Group10&9",NA,"TurnTaking",2.70879423049933,74.4695236114,21,2.81447630279354,1.23350892217614,80.1571926357395,2.98520724385047,21.2690949783002,99.0086622772141,140,11.7052771644281,2.99991493445653,99.7205822263871,20.7103052271418,"Surrogate"
"81","2","Group10&9",NA,"Synchronous",3.71127913502571,82.9486790160948,37,3.54783455777895,1.68516297872797,90.1875189796538,4.20680802089328,21.735667892092,98.4372131924681,73,8.13676544317493,2.74423275376285,99.7659251503171,14.2804839041331,"Surrogate"
"82","2","Group10&9",NA,"TurnTaking",3.48458948887675,79.9852435073959,30,3.19493732210985,1.47502828829749,92.0446333365339,4.04039574968389,21.3967663411105,98.2582625918032,89,7.74785527072812,2.66109958172292,99.6439345235152,13.3593726223343,"Surrogate"
"83","2","Group5&1",NA,"Synchronous",4.0072981633613,83.6018315887538,38,3.75616497857806,1.78247010899058,91.9551594730227,4.37652939577102,22.7498746270687,98.3020774160589,85,9.78963794307931,2.89996428112083,99.7659904611947,14.3333077723613,"Surrogate"
"84","2","Group5&1",NA,"TurnTaking",3.38118534048968,84.9297161041004,36,3.46922667801298,1.6485830553277,92.4622539803236,4.07861606322367,23.3462525419351,97.9168787359802,68,9.44368881945739,2.83668002180315,99.7410587243148,12.6415414171093,"Surrogate"
"85","2","Group5&1",NA,"Synchronous",5.30886618372656,90.6386620405076,55,4.50554016620499,2.06391292130016,93.6356037336553,6.01724468697376,23.3187927909394,96.6556124384616,116,9.1051561996328,2.90122834081232,97.4175061482635,13.1336161506755,"Surrogate"
"86","2","Group5&1",NA,"TurnTaking",3.24220960154712,82.3452733346006,29,2.99009940044178,1.34415751569977,87.8380360101024,3.30505599607619,21.9297595875382,98.1581339131962,82,9.62977736045257,3.0153064170823,99.0804512235733,14.5368474804447,"Surrogate"
"87","2","Group5&1",NA,"Synchronous",4.41341302543598,88.2756639427988,43,3.92729080129229,1.85808283064995,97.4882692798774,6.16307637978004,23.3905905858676,98.3706127388998,160,12.7019314558217,2.88112051069378,99.72300935687,22.6966546264727,"Surrogate"
"88","2","Group5&1",NA,"TurnTaking",3.71747774882548,89.7846559041989,42,3.67665657976412,1.75858643575316,96.9905828406852,5.301134009942,20.7793469366939,97.5463482395683,100,12.7364841297524,3.06869088238259,99.5655687343057,20.3929896554672,"Surrogate"
"89","2","Group5&1",NA,"Synchronous",4.15736801222958,83.7947510208231,40,3.81623519425904,1.80895986865526,93.4552955727622,5.48920236851271,22.5910486762683,96.4435254071744,98,7.6276341199762,2.70018345176856,97.5543814197488,12.8306587624597,"Surrogate"
"90","2","Group5&1",NA,"TurnTaking",3.34335970855245,79.6606955688169,36,3.13327118292936,1.43089359931282,90.5524626169947,3.70625390734473,24.7402468879672,97.9898697681854,78,8.25803611524735,2.80189556795344,99.1919232996734,15.222150489041,"Surrogate"
"91","2","Group5&6",NA,"Synchronous",3.93692980897528,82.2307506508145,64,4.13095746354178,1.92092455396965,89.6938711610889,5.29355085662997,44.3785136728917,98.3478694915791,354,18.363300636422,3.45455644901849,99.0405471062602,31.5764241117605,"Surrogate"
"92","2","Group5&6",NA,"TurnTaking",3.61976153298763,83.133954416093,44,3.62584341183959,1.68929578561711,90.7650020675731,4.46003059858482,14.3821269806191,88.7400931852693,53,6.64107702167222,2.55108296476509,92.3562991722359,8.28332359749897,"Surrogate"
"93","2","Group5&6",NA,"Synchronous",4.50581111238879,91.163125168542,50,4.82350751669803,2.16414903785454,95.6083338869977,6.1033381567786,21.9604631625619,94.0385172874389,63,7.81202672021208,2.7416258656585,97.5446631336904,12.5022070585377,"Surrogate"
"94","2","Group5&6",NA,"TurnTaking",3.47300230739877,82.3426511375563,36,3.29847260023561,1.52508494645004,90.7930697035306,3.80928372370073,20.2363967116992,94.5974071394528,99,8.13146667649118,2.78353106964561,99.0534790345863,14.1302795372839,"Surrogate"
"95","2","Group5&6",NA,"Synchronous",4.3855720924319,89.8551655738166,59,4.66408220263032,2.10044593782679,96.3407925538963,5.90161111794367,23.8163468261957,96.419428026206,70,10.9597393780839,2.83495620078986,97.6323504240822,16.8171074421639,"Surrogate"
"96","2","Group5&6",NA,"TurnTaking",3.95779730145461,88.1188515290254,61,3.77414006669843,1.79393038549917,94.9201560838439,4.855452124633,21.5698685869642,94.4499219918614,62,10.6872838787173,2.77549613617486,96.4011709262863,15.1802697397581,"Surrogate"
"97","2","Group5&6",NA,"Synchronous",3.91444222425282,82.4224320591662,49,4.30761996567371,1.98859116888452,94.037491733734,5.81589783540148,37.7053778612653,96.8400931156953,139,12.443353451996,3.23411820095682,98.5476435840341,18.8026315789474,"Surrogate"
"98","2","Group5&6",NA,"TurnTaking",3.63659640455746,79.687764816402,42,3.24808052896477,1.4939310698724,90.9142854375796,3.80310733891061,17.238808416804,91.136394967513,74,6.25577090441918,2.52564502219232,98.9126398821473,13.5948689578867,"Surrogate"
"99","2","Group5&7",NA,"Synchronous",4.55189569282628,85.9212033053759,42,3.94816276465255,1.85041499278249,93.9552319643465,5.81331833305407,22.4489448985316,97.8555593418626,93,10.7029605902587,3.06610048317605,99.3796638223001,17.2706263092872,"Surrogate"
"100","2","Group5&7",NA,"TurnTaking",3.86784696256477,89.7579253606989,59,4.21876270569857,1.94735419564307,97.0046848750017,7.77776155362488,21.4578092114541,97.7202101859337,78,12.0631399317406,3.23040940209568,99.574696847211,17.8969400209229,"Surrogate"
"101","2","Group5&7",NA,"Synchronous",4.05644683130208,83.5730379026972,30,3.49534288359932,1.6674710540223,93.928883062083,5.70605764919961,27.4386574662334,97.0823449978,144,9.813856438048,2.9990992925718,97.9174147671237,14.2680718174532,"Surrogate"
"102","2","Group5&7",NA,"TurnTaking",2.91616603761889,74.899154589372,21,2.82066267937143,1.22423236838024,89.9716183574879,3.61510651720289,23.5758701818155,98.5496305648877,86,10.0770417183915,3.03381646095866,99.1854915966572,15.3406848520023,"Surrogate"
"103","2","Group5&7",NA,"Synchronous",3.53692551220889,79.8412753732867,28,3.31902475370478,1.56911836953826,89.2333122563492,3.76683480453972,27.8264418841171,98.4658436706545,161,13.2892106547309,2.99860327519016,99.642237985611,23.7722716321128,"Surrogate"
"104","2","Group5&7",NA,"TurnTaking",3.32300289732366,83.1348733194491,40,3.42692996635939,1.6077649270642,90.3228883483569,4.01701626207872,21.5140470590399,98.1907563201375,100,12.5462628135785,2.85506576465797,99.880587820764,20.353937661228,"Surrogate"
"105","2","Group5&7",NA,"Synchronous",5.74271632061555,89.7859931127745,58,4.61403425834003,2.09828348329628,94.764052730512,6.07644814975029,24.2006619135682,96.6426543953208,100,8.69247432450728,2.88778587064874,97.7240667469465,13.0029088897578,"Surrogate"
"106","2","Group5&7",NA,"TurnTaking",4.00367056551257,87.2635866218617,49,3.73126833671857,1.7045502201894,91.1737539365576,3.97059724935831,20.6908963553122,98.0926215785021,81,8.99662445310757,2.9178109428673,99.1106557823722,14.5647985018542,"Surrogate"
"107","2","Group5&8",NA,"Synchronous",3.56062816611369,70.588584400362,30,3.25714285714286,1.54091743588078,78.0451737661785,3.62145725760184,40.5768039521225,98.1734562486213,255,16.9325704342184,3.38690265826847,98.8956348656704,27.5220572489114,"Surrogate"
"108","2","Group5&8",NA,"TurnTaking",3.30472403049366,84.8725121892734,35,3.46237120125212,1.62997000861857,93.4676151653212,4.25453575240128,35.739984780047,98.0904598709241,230,17.3787825369117,3.52791007403684,98.9779837201548,29.2626095940536,"Surrogate"
"109","2","Group5&8",NA,"Synchronous",4.7729854549175,88.9530443508963,43,4.09332608954008,1.92965356580156,94.0197680810794,5.68991001853216,31.0309930906548,97.7310320732304,144,11.5127126177917,3.20398669987015,98.231122912445,15.2509698752832,"Surrogate"
"110","2","Group5&8",NA,"TurnTaking",3.80434639051373,79.3979734952809,43,3.25383185370666,1.4824971242839,90.8399950008563,3.81241743725231,29.2520418311057,98.9101132523919,144,12.0156684484274,3.24650084794752,99.3667282998146,15.7482284167591,"Surrogate"
"111","2","Group5&8",NA,"Synchronous",4.13780363742406,85.9456192839177,36,3.79161503510946,1.7998885167469,95.3398901150345,4.9185017674051,31.0870921650201,98.8793650386221,171,16.2386459440636,3.25653317569844,99.9081529081099,33.3829846739009,"Surrogate"
"112","2","Group5&8",NA,"TurnTaking",3.53243503914372,80.3096771620571,38,3.24323562570462,1.50110242917576,89.7415701210393,3.93481967213115,31.7986518528567,98.9400636834614,160,16.882297639437,3.31330988656318,99.9615411681338,34.2381165919283,"Surrogate"
"113","2","Group5&8",NA,"Synchronous",3.72200344128724,71.3177927810712,31,3.36198590418414,1.59727279067308,92.9395678483732,5.50925510433027,33.1902176675309,96.3642825410928,139,11.8999231965716,3.1876457093133,98.4007630595552,18.0506116735696,"Surrogate"
"114","2","Group5&8",NA,"TurnTaking",3.68468849060056,81.3335754771987,37,3.16639068227064,1.45223299224589,91.2570134103096,3.81126125227041,21.8963325880633,96.7738536616282,83,9.38309508629894,2.98699997245156,99.2920746585544,14.0562994863513,"Surrogate"
"115","2","Group5&9",NA,"Synchronous",4.83349237825843,87.5174421358282,49,3.97651012266384,1.85895462715147,95.7708968627837,5.55576455669449,23.563120392187,98.2110872834808,110,9.82021950842479,2.90651879940386,99.6537754524366,14.1498965149583,"Surrogate"
"116","2","Group5&9",NA,"TurnTaking",3.19860798856919,79.8743661878782,33,3.26219813823807,1.52353029481463,89.2214777663387,3.95376808412013,24.0051130993073,97.6479336227198,88,10.3925214957009,2.93849220447245,99.4151087511842,14.0317096056953,"Surrogate"
"117","2","Group5&9",NA,"Synchronous",3.95519106610698,76.8827664813026,32,3.36931962303175,1.59501267847271,93.5664260940415,5.59691594758709,21.8956734152662,95.9729592265192,94,8.70372818519504,2.8821954046009,97.3356139314014,12.4996032230497,"Surrogate"
"118","2","Group5&9",NA,"TurnTaking",3.22232825217229,73.2771906047457,32,3.01468141553127,1.36466921891245,91.2179073808925,3.79320061812563,25.4516678025833,98.468687424944,91,10.2252025903252,3.05716485438435,99.2376151653651,15.6475556940668,"Surrogate"
"119","2","Group5&9",NA,"Synchronous",3.79561198015951,77.0475222811437,34,3.36847122776414,1.59507607407166,85.574902222779,3.51807205935646,21.4315810727899,97.8995344349763,99,11.3614221303776,2.87756783219751,99.3579864798363,19.5844926611359,"Surrogate"
"120","2","Group5&9",NA,"TurnTaking",2.95126216632043,74.2214770306636,43,2.94700182425549,1.32102616539383,82.5595341094198,3.08993054780142,29.4322388578548,98.606125973207,136,14.4647041023646,3.14293434235273,99.7778052819869,24.0837055794236,"Surrogate"
"121","2","Group5&9",NA,"Synchronous",6.39195067734824,92.0193730215798,71,4.62305360627829,2.10446777711115,95.5743996209147,6.30697209344605,23.099288249499,96.2261232115876,94,7.64460857425813,2.73494166723611,97.5928712823702,12.8059557359926,"Surrogate"
"122","2","Group5&9",NA,"TurnTaking",4.09515294815405,81.6070453362918,43,3.54632432634451,1.64406796362755,91.9544530017072,4.05616464339909,23.029745519403,97.7946233068373,77,8.08073641167355,2.76622704477644,99.1475717054366,14.9581472516733,"Surrogate"
"123","2","Group6&1",NA,"Synchronous",3.60202856680477,85.3535600445861,40,3.99617752752409,1.86845743212883,91.886989850793,4.42867577756833,20.8553426215406,96.4921327922453,60,8.26402097179778,2.77845068803999,99.7450653722254,14.3725685247552,"Surrogate"
"124","2","Group6&1",NA,"TurnTaking",3.59780223921402,84.926189870196,42,3.46453815742183,1.63884671665394,92.503964602463,4.14612903933484,20.0036913676639,95.493130692446,52,7.91900501948827,2.75080000856648,99.5773400868733,13.1055935356487,"Surrogate"
"125","2","Group6&1",NA,"Synchronous",4.08633048930836,85.4307261366085,39,4.18992264446041,1.96356926384575,88.6149536737772,5.47808828622426,24.2424673462276,96.9858249912345,126,11.8141849782527,3.08597989519734,97.5586212818329,21.2943133365611,"Surrogate"
"126","2","Group6&1",NA,"TurnTaking",3.87550718132301,85.6391824716691,40,3.51078533641308,1.65628722315581,89.5736965984787,4.34671017816193,21.8729146071131,95.1133687040518,86,8.042333612741,2.84738274994461,95.8774872514731,10.3909717566569,"Surrogate"
"127","2","Group6&1",NA,"Synchronous",3.68287469167619,90.0420294636582,58,4.17832656593224,1.94287261597901,97.4438053160817,6.1527987440372,21.3943725030578,96.6221886368999,89,9.95716111997727,2.76718536857452,99.7499479058137,23.5442749698582,"Surrogate"
"128","2","Group6&1",NA,"TurnTaking",3.85703460781177,89.7004506252597,35,3.58534983028578,1.71690841113894,96.9355656100334,5.28546178740354,21.7250343940754,96.477497295204,111,10.4117069219567,2.87017497326927,99.732354949078,23.3821861135551,"Surrogate"
"129","2","Group6&1",NA,"Synchronous",3.89239488198773,80.9221985459448,40,3.89843511616756,1.82788042801936,90.0238421621719,5.39476752067236,22.9452152814989,96.6887822756599,109,9.33149711433929,2.86105405882666,97.4535549531051,21.2390720511426,"Surrogate"
"130","2","Group6&1",NA,"TurnTaking",3.54898815554083,80.5235789139409,41,3.2997966653111,1.53905923346866,90.2191171800572,4.35694431131985,18.5757149292751,93.0518941442009,42,6.28999861126892,2.53701921316384,94.7001129006502,9.43839581549459,"Surrogate"
"131","2","Group6&5",NA,"Synchronous",4.50581111238879,91.163125168542,50,4.82350751669803,2.16414903785454,95.6083338869977,6.1033381567786,21.9604631625619,94.0385172874389,63,7.81202672021208,2.7416258656585,97.5446631336904,12.5022070585377,"Surrogate"
"132","2","Group6&5",NA,"TurnTaking",3.47300230739877,82.3426511375563,36,3.29847260023561,1.52508494645004,90.7930697035306,3.80928372370073,20.2363967116992,94.5974071394528,99,8.13146667649118,2.78353106964561,99.0534790345863,14.1302795372839,"Surrogate"
"133","2","Group6&5",NA,"Synchronous",3.93692980897528,82.2307506508145,64,4.13095746354178,1.92092455396965,89.6938711610889,5.29355085662997,44.3785136728917,98.3478694915791,354,18.363300636422,3.45455644901849,99.0405471062602,31.5764241117605,"Surrogate"
"134","2","Group6&5",NA,"TurnTaking",3.61976153298763,83.133954416093,44,3.62584341183959,1.68929578561711,90.7650020675731,4.46003059858482,14.3821269806191,88.7400931852693,53,6.64107702167222,2.55108296476509,92.3562991722359,8.28332359749897,"Surrogate"
"135","2","Group6&5",NA,"Synchronous",4.3855720924319,89.8551655738166,59,4.66408220263032,2.10044593782679,94.4668189830672,5.42180586283186,23.8163468261957,96.419428026206,70,10.9597393780839,2.83495620078986,99.1443336137483,24.9833348628063,"Surrogate"
"136","2","Group6&5",NA,"TurnTaking",3.95779730145461,88.1188515290254,61,3.77414006669843,1.79393038549917,94.5779996529493,5.02814902424601,21.5698685869642,94.4499219918614,62,10.6872838787173,2.77549613617486,98.3405175880205,28.6335643703461,"Surrogate"
"137","2","Group6&5",NA,"Synchronous",3.91444222425282,82.4224320591662,49,4.30761996567371,1.98859116888452,88.4420731570163,5.35891075614676,37.7053778612653,96.8400931156953,139,12.443353451996,3.23411820095682,98.6519386834987,26.6030395136778,"Surrogate"
"138","2","Group6&5",NA,"TurnTaking",3.63659640455746,79.687764816402,42,3.24808052896477,1.4939310698724,90.8508505600186,4.28985938035898,17.238808416804,91.136394967513,74,6.25577090441918,2.52564502219232,93.2938076018608,9.18176596418951,"Surrogate"
"139","2","Group6&7",NA,"Synchronous",3.73987728505646,86.7098918898557,52,4.10858749247005,1.89292521752024,92.7859080122048,5.56306814973745,20.2006452607818,96.1586120373336,81,9.28433559128106,2.83397634270484,99.432645185556,19.4458066032983,"Surrogate"
"140","2","Group6&7",NA,"TurnTaking",4.2649984882074,91.293828139193,57,4.1836483699457,1.93854595866449,97.3851756428678,8.29919071076707,19.8045517963239,96.2551228745381,96,9.6176190017766,2.95534271054615,99.6499934746031,18.6691335740072,"Surrogate"
"141","2","Group6&7",NA,"Synchronous",3.45975981428108,76.9627778428149,30,3.34997895296542,1.576947186305,89.1076963795815,5.39853217798884,29.0138896381679,97.4159284416472,150,12.5145701162844,3.16124750290713,98.0478813435187,22.2193287899522,"Surrogate"
"142","2","Group6&7",NA,"TurnTaking",3.19866081766408,77.2899439556931,51,3.16752402869907,1.441705356644,89.901564616113,4.30436501660604,17.6469924980932,93.8015204745044,60,7.15505968448203,2.6771261440293,94.598128011607,9.18063439065108,"Surrogate"
"143","2","Group6&7",NA,"Synchronous",3.73774651156279,84.4357023391675,42,3.60732257155509,1.71068196980148,90.6730112364844,3.92595161356126,22.4599600229045,96.4894205311823,80,9.89323725055432,2.78001455649744,99.6884393545736,22.0330135536513,"Surrogate"
"144","2","Group6&7",NA,"TurnTaking",3.38703176032355,82.4965295649868,39,3.30865150030235,1.55844960969617,90.2209120355206,3.96776037498571,18.9068451799117,96.1034623860719,60,9.60560487124936,2.73932568398768,99.907151022715,21.3935166994106,"Surrogate"
"145","2","Group6&7",NA,"Synchronous",3.95415209390759,81.3047776827704,35,3.91484753613244,1.84601083256641,88.5768490808038,5.3817680006494,23.9735421916559,96.5477519614306,144,10.5979682771658,3.13132855386424,97.4873139236788,20.7286643998954,"Surrogate"
"146","2","Group6&7",NA,"TurnTaking",4.54492225230154,88.6544333028532,56,4.2574846956813,1.92921270815912,91.6382530260527,4.88406814661848,19.3263566253198,94.7076003970826,87,7.66170245209448,2.79381985589424,95.7483264908996,10.5277613295437,"Surrogate"
"147","2","Group6&8",NA,"Synchronous",3.24146999421874,71.5422685564966,25,3.24863704763549,1.53407249082652,77.6751614848457,3.51015147423465,22.1200350194222,94.2593806658845,69,9.32868440863971,2.83799212737923,97.1730961059493,17.6813687019306,"Surrogate"
"148","2","Group6&8",NA,"TurnTaking",3.41138597306526,84.1644211808674,33,3.31945518954355,1.5653862823718,92.8624523802149,4.23641201959307,22.9259084572043,95.0665578114348,107,10.7010441862842,3.02142773018503,98.1484269838904,21.7666543611773,"Surrogate"
"149","2","Group6&8",NA,"Synchronous",3.84382733409067,82.7496002822076,41,3.74686248885017,1.78582316015471,88.9998579799248,5.36266769723403,32.8604751490988,97.9517943179185,203,14.9487299298299,3.44806161729338,98.2772900971895,23.412102767892,"Surrogate"
"150","2","Group6&8",NA,"TurnTaking",3.84498957417812,79.3487370903845,33,3.27215381128654,1.51396390246099,90.0185486271726,4.30400508025489,18.2815503952348,93.0362132850047,80,8.02402697305967,2.7912293177074,93.9193183381646,9.79981782719325,"Surrogate"
"151","2","Group6&8",NA,"Synchronous",3.54497314432962,87.4207681761281,40,3.87095000329939,1.8205358947631,94.7254952609931,4.73858158143233,22.6604526331438,96.726018693592,110,10.7306055896665,2.80115530957139,99.8508033957729,28.480556344025,"Surrogate"
"152","2","Group6&8",NA,"TurnTaking",3.76218877279597,81.9582200212504,30,3.24243546535314,1.51635329017988,90.1513272140908,4.01655822489156,20.8530875567084,95.8816742489845,101,10.9804707966962,2.80405647887036,99.7143425177954,30.8142464204005,"Surrogate"
"153","2","Group6&8",NA,"Synchronous",3.70441135269074,69.9803196394786,34,3.51769456856795,1.67977593536993,89.7771460625018,5.35142104219206,39.3575250906319,97.3957669919515,338,16.0340446527692,3.35821229708077,98.8284543539707,30.7392043429386,"Surrogate"
"154","2","Group6&8",NA,"TurnTaking",3.68715384836183,81.4038456027739,41,3.33493122542018,1.5516670958786,90.1935218882234,4.29866612036784,19.6903587825495,93.2464695051581,84,8.15660496586163,2.82515193378576,96.0363312806688,11.691401851117,"Surrogate"
"155","2","Group6&9",NA,"Synchronous",4.05385820565275,88.9959427643068,50,4.1881107158919,1.94149839714263,94.7903182367097,5.32226829268293,21.8298949087748,96.3446302991776,78,8.16782985947374,2.78284155937561,99.5586634351782,13.875124587477,"Surrogate"
"156","2","Group6&9",NA,"TurnTaking",3.32729966370759,81.7546719450428,40,3.2874289727383,1.52602556794985,90.1258024737096,4.08369304556355,20.7005064008281,95.7310681002863,76,8.11674932147272,2.771637338336,99.5360093451757,13.36099706415,"Surrogate"
"157","2","Group6&9",NA,"Synchronous",3.30461837230389,71.608609232704,30,3.31515973849759,1.56550228732154,88.2632860667487,5.00858784396734,22.2590510930039,96.1525572986074,130,11.1636702527121,3.10925420261402,97.1991676992495,20.6522279072078,"Surrogate"
"158","2","Group6&9",NA,"TurnTaking",2.83000178386244,70.5078185766644,24,2.88580160448236,1.28022262322402,89.5741940301294,4.07449759411265,18.0399288717859,93.5002682780014,86,7.0994640927543,2.66732870846065,94.5247248467738,9.46909858015297,"Surrogate"
"159","2","Group6&9",NA,"Synchronous",3.1041143475193,76.4059158237507,35,3.39098141900398,1.60215415265849,83.8579929994951,3.46407480314961,20.9216415276087,96.1505392213357,69,9.40704597813038,2.72485215597136,99.3100023132583,20.6465619774878,"Surrogate"
"160","2","Group6&9",NA,"TurnTaking",2.84865045435663,73.1667964838099,23,2.91984902309059,1.29855695021259,81.6828010830459,3.08560820120029,20.4027337630562,95.9620023176784,81,9.50213837113368,2.75338075781561,99.7116930530014,20.2501251834585,"Surrogate"
"161","2","Group6&9",NA,"Synchronous",3.57446938897341,80.3096811062995,48,3.86511286039454,1.81248345024012,87.3329293586162,5.22676612808114,23.7923390590586,96.5876605173154,98,9.30524201195485,2.87112914147074,97.5375861870353,21.0142157016745,"Surrogate"
"162","2","Group6&9",NA,"TurnTaking",3.75236256114748,80.5307741042307,38,3.37374909069461,1.56997663858135,90.6117277142924,4.28447797625652,19.378084343241,93.6285480007305,58,6.58137588643557,2.59173172445532,95.1746831998339,9.88374190069814,"Surrogate"
"163","2","Group7&1",NA,"Synchronous",3.4535788101796,76.9985416942861,30,3.17150417944302,1.48278286361849,90.19365891963,4.24349870453891,22.6543292647916,98.8608528327834,108,9.58137601947296,2.93284167213519,99.7640846661159,14.1122135089468,"Surrogate"
"164","2","Group7&1",NA,"TurnTaking",3.11300724515817,79.847605471269,34,3.16231293126624,1.4774693009537,92.2247112197219,4.03197724743415,21.3773033969429,98.963370251688,116,9.43453909706965,2.9293318868479,99.6782593383908,13.7018025253201,"Surrogate"
"165","2","Group7&1",NA,"Synchronous",5.76946545232535,91.778225437231,48,4.396996461264,2.04045439602613,94.7086652626438,5.96799569172773,21.8988478526839,98.9019545715587,148,11.7687928287979,3.2183204140566,99.5391409390657,19.463871377457,"Surrogate"
"166","2","Group7&1",NA,"TurnTaking",4.58486104803415,94.1822860654478,44,4.48968269952579,2.0771285331201,97.0433246274389,7.44130293927078,19.7994865737777,98.9218513037924,126,11.3021391177266,3.21334094322811,99.652181836182,18.2866720257235,"Surrogate"
"167","2","Group7&1",NA,"Synchronous",4.22423203665494,84.6411345625539,32,3.41446925871115,1.62722200586792,97.3828690058821,6.2009715438522,24.5122251401219,99.0868180946457,150,12.3921532184549,2.9893268072289,99.7425483747924,23.4887592700608,"Surrogate"
"168","2","Group7&1",NA,"TurnTaking",3.55317926373499,85.8896587270907,34,3.39843121874694,1.61819436837589,97.1661363703946,5.44811871283277,20.6564112100314,99.2083479943332,109,12.2131086529515,3.0342934582794,99.6902085235065,22.6314866359096,"Surrogate"
"169","2","Group7&1",NA,"Synchronous",4.19973694632687,82.2478929934169,30,3.53709246970571,1.6828687540724,92.5581785399807,5.28571428571429,20.9829099044356,98.6469337967284,100,9.43613588916302,2.92133783507882,99.5256373266712,19.7445590671281,"Surrogate"
"170","2","Group7&1",NA,"TurnTaking",3.37903695729771,87.2616410871095,32,3.67076619533048,1.74503108497432,96.8731271334393,7.30852402296139,19.3398870143132,98.5562011505903,106,8.7305455354447,2.83119929435131,99.6682231506513,17.9264523206479,"Surrogate"
"171","2","Group7&5",NA,"Synchronous",4.05644683130208,83.5730379026972,30,3.49534288359932,1.6674710540223,93.928883062083,5.70605764919961,27.4386574662334,97.0823449978,144,9.813856438048,2.9990992925718,97.9174147671237,14.2680718174532,"Surrogate"
"172","2","Group7&5",NA,"TurnTaking",2.91616603761889,74.899154589372,21,2.82066267937143,1.22423236838024,89.9716183574879,3.61510651720289,23.5758701818155,98.5496305648877,86,10.0770417183915,3.03381646095866,99.1854915966572,15.3406848520023,"Surrogate"
"173","2","Group7&5",NA,"Synchronous",4.55189569282628,85.9212033053759,42,3.94816276465255,1.85041499278249,93.9552319643465,5.81331833305407,22.4489448985316,97.8555593418626,93,10.7029605902587,3.06610048317605,99.3796638223001,17.2706263092872,"Surrogate"
"174","2","Group7&5",NA,"TurnTaking",3.86784696256477,89.7579253606989,59,4.21876270569857,1.94735419564307,97.0046848750017,7.77776155362488,21.4578092114541,97.7202101859337,78,12.0631399317406,3.23040940209568,99.574696847211,17.8969400209229,"Surrogate"
"175","2","Group7&5",NA,"Synchronous",3.53692551220889,79.8412753732867,28,3.31902475370478,1.56911836953826,91.6679528605782,4.82370510099819,27.8264418841171,98.4658436706545,161,13.2892106547309,2.99860327519016,99.1228939636777,25.5868466786818,"Surrogate"
"176","2","Group7&5",NA,"TurnTaking",3.32300289732366,83.1348733194491,40,3.42692996635939,1.6077649270642,94.4160930138896,4.89372922789573,21.5140470590399,98.1907563201375,100,12.5462628135785,2.85506576465797,98.616802204731,27.6241530400217,"Surrogate"
"177","2","Group7&5",NA,"Synchronous",5.74271632061555,89.7859931127745,58,4.61403425834003,2.09828348329628,95.2347513576666,6.4159608313019,24.2006619135682,96.6426543953208,100,8.69247432450728,2.88778587064874,99.5674207236654,18.9184201566224,"Surrogate"
"178","2","Group7&5",NA,"TurnTaking",4.00367056551257,87.2635866218617,49,3.73126833671857,1.7045502201894,97.31874241278,7.55927570891698,20.6908963553122,98.0926215785021,81,8.99662445310757,2.9178109428673,99.7072407609393,17.1284529193191,"Surrogate"
"179","2","Group7&6",NA,"Synchronous",3.45975981428108,76.9627778428149,30,3.34997895296542,1.576947186305,89.1076963795815,5.39853217798884,29.0138896381679,97.4159284416472,150,12.5145701162844,3.16124750290713,98.0478813435187,22.2193287899522,"Surrogate"
"180","2","Group7&6",NA,"TurnTaking",3.19866081766408,77.2899439556931,51,3.16752402869907,1.441705356644,89.901564616113,4.30436501660604,17.6469924980932,93.8015204745044,60,7.15505968448203,2.6771261440293,94.598128011607,9.18063439065108,"Surrogate"
"181","2","Group7&6",NA,"Synchronous",3.73987728505646,86.7098918898557,52,4.10858749247005,1.89292521752024,92.7859080122048,5.56306814973745,20.2006452607818,96.1586120373336,81,9.28433559128106,2.83397634270484,99.432645185556,19.4458066032983,"Surrogate"
"182","2","Group7&6",NA,"TurnTaking",4.2649984882074,91.293828139193,57,4.1836483699457,1.93854595866449,97.3851756428678,8.29919071076707,19.8045517963239,96.2551228745381,96,9.6176190017766,2.95534271054615,99.6499934746031,18.6691335740072,"Surrogate"
"183","2","Group7&6",NA,"Synchronous",3.73774651156279,84.4357023391675,42,3.60732257155509,1.71068196980148,95.1897481802549,5.40169500588172,22.4599600229045,96.4894205311823,80,9.89323725055432,2.78001455649744,97.2579728322824,15.3371130002679,"Surrogate"
"184","2","Group7&6",NA,"TurnTaking",3.38703176032355,82.4965295649868,39,3.30865150030235,1.55844960969617,94.4119497345832,4.70992089223188,18.9068451799117,96.1034623860719,60,9.60560487124936,2.73932568398768,96.6805573140589,14.8306475447905,"Surrogate"
"185","2","Group7&6",NA,"Synchronous",3.95415209390759,81.3047776827704,35,3.91484753613244,1.84601083256641,92.5462270200941,5.35585051546392,23.9735421916559,96.5477519614306,144,10.5979682771658,3.13132855386424,99.4948000292324,17.8493821070668,"Surrogate"
"186","2","Group7&6",NA,"TurnTaking",4.54492225230154,88.6544333028532,56,4.2574846956813,1.92921270815912,97.483455511988,7.98847436100968,19.3263566253198,94.7076003970826,87,7.66170245209448,2.79381985589424,99.6920456034596,18.9729420406211,"Surrogate"
"187","2","Group7&8",NA,"Synchronous",3.28875203414027,65.9280994656186,18,2.95280349177419,1.34635733873288,77.2513091808651,3.66770896888347,25.690565901581,96.9736868758482,144,12.0235583684951,3.11591094047228,97.5825281395804,20.6060740001426,"Surrogate"
"188","2","Group7&8",NA,"TurnTaking",3.03082278321634,80.3132861932125,37,3.16702561517665,1.46231807744667,93.4710738999832,4.32189775139027,16.3667748461742,96.6775197347781,70,9.88935026074135,2.82768553333792,97.2439142268461,17.8284981442978,"Surrogate"
"189","2","Group7&8",NA,"Synchronous",4.9839672501875,88.4811888744417,45,3.92993000847431,1.86384453289691,94.0192351178699,5.66766773162939,25.1937230790794,99.0658703579258,170,13.0965583783144,3.37327266792618,99.5684977911934,19.5060564368188,"Surrogate"
"190","2","Group7&8",NA,"TurnTaking",5.01702065388684,89.2671489394562,68,4.17586982578855,1.91060088684267,97.7100817476948,8.28675616944006,20.9204099152772,99.1214905225452,121,12.5111199489267,3.29351795346091,99.6814314853817,17.6422470722902,"Surrogate"
"191","2","Group7&8",NA,"Synchronous",3.85400573970506,81.6588000383812,35,3.28600584698549,1.55777613325328,94.4022809414366,4.76621758789333,28.4424909029817,99.3208928962408,169,13.9392108191389,3.14803625172741,99.8850366510475,30.014991294786,"Surrogate"
"192","2","Group7&8",NA,"TurnTaking",3.1765606463041,76.5736998785944,37,2.96796304254405,1.33729264719786,89.7154451263118,3.91501560345453,22.084196835242,99.4309211301459,140,14.2032538569425,3.01052296650594,99.7868997965612,33.9161438449422,"Surrogate"
"193","2","Group7&8",NA,"Synchronous",3.94201901178247,71.2184226396551,23,3.31267921705523,1.57186527198817,92.4138393156284,5.28721854473893,22.1988582086355,96.292157659488,117,9.65638027771682,3.03342163011381,99.4654299377989,17.587274611399,"Surrogate"
"194","2","Group7&8",NA,"TurnTaking",3.89871676367556,89.4004408390395,43,3.91853259686009,1.84395418976444,97.3554174420495,7.56921618204804,20.5027892549977,97.2870142011684,97,10.8559034006155,3.18330285544001,99.5789990227972,18.9013634392715,"Surrogate"
"195","2","Group7&9",NA,"Synchronous",4.12940381133744,83.5941764465066,30,3.40605018070614,1.61930922348615,94.5508665393013,5.28101181402439,23.8435637240557,98.6342280365564,91,9.3249948414609,2.93033270577541,99.5539579231943,13.6575343832964,"Surrogate"
"196","2","Group7&9",NA,"TurnTaking",2.8494252810816,74.4799456152277,19,2.84699156646429,1.25628328265069,88.9994437921019,3.88827388827389,20.2437516923828,98.8702772550754,75,9.22855680327607,2.87596396723413,99.6225402994999,13.369291981463,"Surrogate"
"197","2","Group7&9",NA,"Synchronous",3.77418097733473,74.9953341669622,25,3.055237696972,1.41810367764067,92.2528508239861,5.2818293529946,21.3862542696617,98.4400689445402,116,11.5086340145086,3.19793279623548,99.5542127141843,20.3309425211198,"Surrogate"
"198","2","Group7&9",NA,"TurnTaking",2.49932686928268,74.2413460251252,24,2.94798981618779,1.32709042787634,95.9021764403328,7.0664001661302,19.6561511837096,98.9212258348057,90,10.6346558888826,3.08808076892774,99.6695018612031,17.6475928559151,"Surrogate"
"199","2","Group7&9",NA,"Synchronous",3.18110394846416,70.1890448116472,21,3.00123085662887,1.37352704362214,83.1819314124388,3.42677309007982,23.0755233354976,98.547349461533,129,11.7038273710148,2.99192876721603,99.2681119000976,20.746940250436,"Surrogate"
"200","2","Group7&9",NA,"TurnTaking",2.78564295385784,71.1280248817862,23,2.83837441033274,1.24826019314829,83.5531140162338,3.16092696226144,21.1969502503209,99.2626611956837,110,11.7966194005174,2.90837291230587,99.7422996787134,21.1481989172682,"Surrogate"
"201","2","Group7&9",NA,"Synchronous",5.7706629118094,91.0597562389761,63,4.5154119694333,2.06990289955233,95.3682964192641,6.41500913438841,22.1024975536883,98.4724898266708,99,9.25405652584375,2.95123227109051,99.5260425455102,19.8784525190457,"Surrogate"
"202","2","Group7&9",NA,"TurnTaking",4.42764166165817,89.2794075535334,48,4.23341819896275,1.93236036823738,97.4589551051577,7.90308327420499,19.5080801574937,98.5043597646101,97,8.88535793061961,2.84132717964964,99.6386277100699,18.3981282324932,"Surrogate"
"203","2","Group8&1",NA,"Synchronous",4.00192720538138,83.486537268379,35,3.57103331451158,1.69846929557817,90.2942483619866,4.31990905454622,23.4301929936523,99.2067840178159,108,10.4003384015958,2.97685113036991,99.7794483469361,13.9155911202891,"Surrogate"
"204","2","Group8&1",NA,"TurnTaking",3.39682275257546,78.6795925244304,28,3.10245507880374,1.42561663941453,91.4953731304596,4.01022494887526,23.3499300322769,99.0658781035557,93,10.3471786833856,2.95650911001867,99.686199229316,13.1503934770039,"Surrogate"
"205","2","Group8&1",NA,"Synchronous",3.91600948740105,73.5459442930506,29,3.43809123397099,1.64184000731485,76.9131838581155,3.88475515580994,21.7023970124901,96.4125969147151,101,10.7773091974768,2.99766798929639,97.038206378387,17.9097024503223,"Surrogate"
"206","2","Group8&1",NA,"TurnTaking",3.48506495073071,88.3879215385082,36,3.47867157203938,1.65593136930332,93.0411407435853,4.2433055261096,19.7264224732129,96.9377122008743,109,11.1759785881566,3.13968488534843,97.6598437023221,19.4251906527671,"Surrogate"
"207","2","Group8&1",NA,"Synchronous",5.08321550977699,90.9322386198295,40,3.92407050275822,1.8672505323105,97.568073165662,6.16684913509963,25.6400871426438,99.3547121304377,130,14.0226300511802,3.14382942876722,99.7574588999391,23.0252658536204,"Surrogate"
"208","2","Group8&1",NA,"TurnTaking",4.18834347153014,86.290536194044,63,3.43917152624171,1.62735503557678,97.2969563956055,5.61221322209827,21.3790727555036,99.0809445491581,111,13.5388214424303,3.11993285074755,99.6004741732193,20.8569705207714,"Surrogate"
"209","2","Group8&1",NA,"Synchronous",3.95210936890539,70.6774555759531,35,3.30396384011331,1.56452327621968,79.2530343807368,3.7463613960444,21.5750031961207,96.2410633596944,73,8.65888310185186,2.81342492485046,97.065421191938,17.3846120615172,"Surrogate"
"210","2","Group8&1",NA,"TurnTaking",3.74376902837961,84.607967186743,33,3.37797892918177,1.59245756207191,94.037545214655,4.47390681645258,18.9677145837298,96.5085769732709,62,8.33056246299585,2.76585194413636,97.6226643900824,18.8566482361462,"Surrogate"
"211","2","Group8&5",NA,"Synchronous",4.7729854549175,88.9530443508963,43,4.09332608954008,1.92965356580156,94.0197680810794,5.68991001853216,31.0309930906548,97.7310320732304,144,11.5127126177917,3.20398669987015,98.231122912445,15.2509698752832,"Surrogate"
"212","2","Group8&5",NA,"TurnTaking",3.80434639051373,79.3979734952809,43,3.25383185370666,1.4824971242839,90.8399950008563,3.81241743725231,29.2520418311057,98.9101132523919,144,12.0156684484274,3.24650084794752,99.3667282998146,15.7482284167591,"Surrogate"
"213","2","Group8&5",NA,"Synchronous",3.56062816611369,70.588584400362,30,3.25714285714286,1.54091743588078,78.0451737661785,3.62145725760184,40.5768039521225,98.1734562486213,255,16.9325704342184,3.38690265826847,98.8956348656704,27.5220572489114,"Surrogate"
"214","2","Group8&5",NA,"TurnTaking",3.30472403049366,84.8725121892734,35,3.46237120125212,1.62997000861857,93.4676151653212,4.25453575240128,35.739984780047,98.0904598709241,230,17.3787825369117,3.52791007403684,98.9779837201548,29.2626095940536,"Surrogate"
"215","2","Group8&5",NA,"Synchronous",4.13780363742406,85.9456192839177,36,3.79161503510946,1.7998885167469,91.8050158954433,4.81758492082989,31.0870921650201,98.8793650386221,171,16.2386459440636,3.25653317569844,99.1755523799055,27.4886555206706,"Surrogate"
"216","2","Group8&5",NA,"TurnTaking",3.53243503914372,80.3096771620571,38,3.24323562570462,1.50110242917576,92.9629703483619,4.65967016491754,31.7986518528567,98.9400636834614,160,16.882297639437,3.31330988656318,99.1543966627553,29.2877652632088,"Surrogate"
"217","2","Group8&5",NA,"Synchronous",3.72200344128724,71.3177927810712,31,3.36198590418414,1.59727279067308,77.5800644395134,3.67021062291559,33.1902176675309,96.3642825410928,139,11.8999231965716,3.1876457093133,98.4110068727624,24.3769273591134,"Surrogate"
"218","2","Group8&5",NA,"TurnTaking",3.68468849060056,81.3335754771987,37,3.16639068227064,1.45223299224589,93.2714273425029,4.30168176508188,21.8963325880633,96.7738536616282,83,9.38309508629894,2.98699997245156,98.0383908483062,20.8828720890989,"Surrogate"
"219","2","Group8&6",NA,"Synchronous",3.84382733409067,82.7496002822076,41,3.74686248885017,1.78582316015471,88.9998579799248,5.36266769723403,32.8604751490988,97.9517943179185,203,14.9487299298299,3.44806161729338,98.2772900971895,23.412102767892,"Surrogate"
"220","2","Group8&6",NA,"TurnTaking",3.84498957417812,79.3487370903845,33,3.27215381128654,1.51396390246099,90.0185486271726,4.30400508025489,18.2815503952348,93.0362132850047,80,8.02402697305967,2.7912293177074,93.9193183381646,9.79981782719325,"Surrogate"
"221","2","Group8&6",NA,"Synchronous",3.24146999421874,71.5422685564966,25,3.24863704763549,1.53407249082652,77.6751614848457,3.51015147423465,22.1200350194222,94.2593806658845,69,9.32868440863971,2.83799212737923,97.1730961059493,17.6813687019306,"Surrogate"
"222","2","Group8&6",NA,"TurnTaking",3.41138597306526,84.1644211808674,33,3.31945518954355,1.5653862823718,92.8624523802149,4.23641201959307,22.9259084572043,95.0665578114348,107,10.7010441862842,3.02142773018503,98.1484269838904,21.7666543611773,"Surrogate"
"223","2","Group8&6",NA,"Synchronous",3.54497314432962,87.4207681761281,40,3.87095000329939,1.8205358947631,94.149760565899,5.03857401105912,22.6604526331438,96.726018693592,110,10.7306055896665,2.80115530957139,97.2177780499567,15.1913898491609,"Surrogate"
"224","2","Group8&6",NA,"TurnTaking",3.76218877279597,81.9582200212504,30,3.24243546535314,1.51635329017988,93.9515921420313,4.52941441949678,20.8530875567084,95.8816742489845,101,10.9804707966962,2.80405647887036,96.4871782713979,15.2137301451975,"Surrogate"
"225","2","Group8&6",NA,"Synchronous",3.70441135269074,69.9803196394786,34,3.51769456856795,1.67977593536993,78.6829370323537,3.76624647310458,39.3575250906319,97.3957669919515,338,16.0340446527692,3.35821229708077,98.7607558432938,27.5440800472023,"Surrogate"
"226","2","Group8&6",NA,"TurnTaking",3.68715384836183,81.4038456027739,41,3.33493122542018,1.5516670958786,93.3389689658137,4.38096839273705,19.6903587825495,93.2464695051581,84,8.15660496586163,2.82515193378576,97.7920201566368,19.0122118316035,"Surrogate"
"227","2","Group8&7",NA,"Synchronous",4.9839672501875,88.4811888744417,45,3.92993000847431,1.86384453289691,94.0192351178699,5.66766773162939,25.1937230790794,99.0658703579258,170,13.0965583783144,3.37327266792618,99.5684977911934,19.5060564368188,"Surrogate"
"228","2","Group8&7",NA,"TurnTaking",5.01702065388684,89.2671489394562,68,4.17586982578855,1.91060088684267,97.7100817476948,8.28675616944006,20.9204099152772,99.1214905225452,121,12.5111199489267,3.29351795346091,99.6814314853817,17.6422470722902,"Surrogate"
"229","2","Group8&7",NA,"Synchronous",3.28875203414027,65.9280994656186,18,2.95280349177419,1.34635733873288,77.2513091808651,3.66770896888347,25.690565901581,96.9736868758482,144,12.0235583684951,3.11591094047228,97.5825281395804,20.6060740001426,"Surrogate"
"230","2","Group8&7",NA,"TurnTaking",3.03082278321634,80.3132861932125,37,3.16702561517665,1.46231807744667,93.4710738999832,4.32189775139027,16.3667748461742,96.6775197347781,70,9.88935026074135,2.82768553333792,97.2439142268461,17.8284981442978,"Surrogate"
"231","2","Group8&7",NA,"Synchronous",3.85400573970506,81.6588000383812,35,3.28600584698549,1.55777613325328,88.7862851085412,3.74258474576271,28.4424909029817,99.3208928962408,169,13.9392108191389,3.14803625172741,99.7080479833233,22.6536137900455,"Surrogate"
"232","2","Group8&7",NA,"TurnTaking",3.1765606463041,76.5736998785944,37,2.96796304254405,1.33729264719786,88.958184348096,3.76140359101777,22.084196835242,99.4309211301459,140,14.2032538569425,3.01052296650594,99.90456441313,21.7276811643719,"Surrogate"
"233","2","Group8&7",NA,"Synchronous",3.94201901178247,71.2184226396551,23,3.31267921705523,1.57186527198817,77.8892586719082,3.81947426067908,22.1988582086355,96.292157659488,117,9.65638027771682,3.03342163011381,97.2947207201575,17.3683182680504,"Surrogate"
"234","2","Group8&7",NA,"TurnTaking",3.89871676367556,89.4004408390395,43,3.91853259686009,1.84395418976444,92.9492854432781,4.4268381878415,20.5027892549977,97.2870142011684,97,10.8559034006155,3.18330285544001,98.1299468249369,20.414003097719,"Surrogate"
"235","2","Group8&9",NA,"Synchronous",4.97489825556568,89.1486642903412,53,3.99240682909817,1.88798984847343,94.8805170808718,5.43152988855116,24.7566394746323,98.9896795828951,96,10.3397568669355,3.02701289403356,99.5591278129951,13.8235282671933,"Surrogate"
"236","2","Group8&9",NA,"TurnTaking",4.28155160460451,82.4974499868386,41,3.60899996401454,1.66971051567988,91.6828441695183,4.4370708015685,22.4967002330176,98.9295931035015,95,10.3219494927554,2.9225443556731,99.5489979874932,13.3467140833859,"Surrogate"
"237","2","Group8&9",NA,"Synchronous",3.41133314397038,64.1521998358447,18,3.02836464653849,1.40037165311249,77.8715562231893,3.58216185410334,20.2963640895844,95.5557264891521,111,10.1704250848259,3.02255121878269,96.6540603139196,16.9727750262644,"Surrogate"
"238","2","Group8&9",NA,"TurnTaking",3.34668794153017,75.6445740023573,28,2.96867385288894,1.34280440136429,94.0688668125947,4.3487229384578,22.6842522404503,97.4207426462604,115,11.5983375970721,3.1106518174862,98.0853436027474,20.9243719412724,"Surrogate"
"239","2","Group8&9",NA,"Synchronous",3.5270816908621,75.5796537055898,19,3.12349117920149,1.45957759137936,82.858027280171,3.37793608792998,23.7336553334625,98.810186829684,121,13.2317954038288,3.14176306993978,99.2256968655122,20.8855727516076,"Surrogate"
"240","2","Group8&9",NA,"TurnTaking",2.81355432565509,69.9698947882308,26,2.85601512403239,1.25783524856105,81.5106432250756,3.07920745259375,25.0946736929861,99.3537518888362,150,14.7186847171589,3.10970884522308,99.7477634658641,22.5192184647076,"Surrogate"
"241","2","Group8&9",NA,"Synchronous",3.52683515508597,70.516482089895,24,3.2716890217064,1.54878896352142,76.6609412916047,3.72739190599888,21.5588187692862,95.9698203203513,103,8.67999155823363,2.8241504333209,96.9653764051679,17.6826505458387,"Surrogate"
"242","2","Group8&9",NA,"TurnTaking",4.30636366950189,83.8066613506716,39,3.50297405394319,1.64649272447269,94.0857510887567,4.61003025506422,20.96407143976,96.8058073521953,88,9.01745785834855,2.8530807766701,97.9249290671283,20.0739377491307,"Surrogate"
"243","2","Group9&1",NA,"Synchronous",3.61736661401954,73.3977869622576,29,3.30548308596234,1.55913531267528,90.6318305512148,4.29014194856669,21.4518246163224,98.4996623957369,84,9.67637666423056,2.98699109448462,99.7622619081312,14.4537583766812,"Surrogate"
"244","2","Group9&1",NA,"TurnTaking",3.11624742964441,73.9147387574734,26,2.90895140664962,1.29718987644413,92.538511092777,4.05462018421313,22.0377771930028,98.7543626823589,83,9.0626056429593,2.88640341018041,99.6587780238879,13.1549586991532,"Surrogate"
"245","2","Group9&1",NA,"Synchronous",6.36662793120032,93.2115583018247,61,4.52352380568867,2.07845665658103,95.8887097175701,5.84960769425462,22.8462699753209,98.7809804091289,123,9.59253087557603,2.9687953522882,99.6001646113032,13.567944395027,"Surrogate"
"246","2","Group9&1",NA,"TurnTaking",3.41575317824237,84.0861988967366,35,3.32677912170845,1.56593527352967,88.6178274990978,3.82050142247511,21.645118365751,98.7429055023329,87,9.54851709199687,2.95282267166383,99.6044231518242,13.5947802498305,"Surrogate"
"247","2","Group9&1",NA,"Synchronous",3.87291855567368,79.3326088636891,24,3.19982760834082,1.50618648371183,97.1986668546044,6.03989489447066,22.7187894256888,98.7416898463991,119,12.2495832228242,3.08951197465915,99.7777341712905,23.7652899776311,"Surrogate"
"248","2","Group9&1",NA,"TurnTaking",2.70879423049933,74.4695236114,21,2.81447630279354,1.23350892217614,96.5707561888912,5.0124510730193,21.2690949783002,99.0086622772141,140,11.7052771644281,2.99991493445653,99.6637362870385,21.9985598300599,"Surrogate"
"249","2","Group9&1",NA,"Synchronous",3.71127913502571,82.9486790160948,37,3.54783455777895,1.68516297872797,94.0745520801701,4.95833541739609,21.735667892092,98.4372131924681,73,8.13676544317493,2.74423275376285,99.5922644367439,13.8177540083267,"Surrogate"
"250","2","Group9&1",NA,"TurnTaking",3.48458948887675,79.9852435073959,30,3.19493732210985,1.47502828829749,90.0302710242118,4.05561499760967,21.3967663411105,98.2582625918032,89,7.74785527072812,2.66109958172292,99.6046959782923,13.3709705504647,"Surrogate"
"251","2","Group9&5",NA,"Synchronous",3.95519106610698,76.8827664813026,32,3.36931962303175,1.59501267847271,93.5664260940415,5.59691594758709,21.8956734152662,95.9729592265192,94,8.70372818519504,2.8821954046009,97.3356139314014,12.4996032230497,"Surrogate"
"252","2","Group9&5",NA,"TurnTaking",3.22232825217229,73.2771906047457,32,3.01468141553127,1.36466921891245,91.2179073808925,3.79320061812563,25.4516678025833,98.468687424944,91,10.2252025903252,3.05716485438435,99.2376151653651,15.6475556940668,"Surrogate"
"253","2","Group9&5",NA,"Synchronous",4.83349237825843,87.5174421358282,49,3.97651012266384,1.85895462715147,95.7708968627837,5.55576455669449,23.563120392187,98.2110872834808,110,9.82021950842479,2.90651879940386,99.6537754524366,14.1498965149583,"Surrogate"
"254","2","Group9&5",NA,"TurnTaking",3.19860798856919,79.8743661878782,33,3.26219813823807,1.52353029481463,89.2214777663387,3.95376808412013,24.0051130993073,97.6479336227198,88,10.3925214957009,2.93849220447245,99.4151087511842,14.0317096056953,"Surrogate"
"255","2","Group9&5",NA,"Synchronous",3.79561198015951,77.0475222811437,34,3.36847122776414,1.59507607407166,92.9136451997532,4.83958821681448,21.4315810727899,97.8995344349763,99,11.3614221303776,2.87756783219751,98.8944449480691,22.6256249768527,"Surrogate"
"256","2","Group9&5",NA,"TurnTaking",2.95126216632043,74.2214770306636,43,2.94700182425549,1.32102616539383,93.8660922592232,4.68779426664283,29.4322388578548,98.606125973207,136,14.4647041023646,3.14293434235273,99.0699058766672,30.4009440787094,"Surrogate"
"257","2","Group9&5",NA,"Synchronous",6.39195067734824,92.0193730215798,71,4.62305360627829,2.10446777711115,97.0232437689233,6.01626321813554,23.099288249499,96.2261232115876,94,7.64460857425813,2.73494166723611,99.5574589900483,13.8715837274516,"Surrogate"
"258","2","Group9&5",NA,"TurnTaking",4.09515294815405,81.6070453362918,43,3.54632432634451,1.64406796362755,91.3692050345946,4.32309257375382,23.029745519403,97.7946233068373,77,8.08073641167355,2.76622704477644,99.5432424513358,13.2666265120715,"Surrogate"
"259","2","Group9&6",NA,"Synchronous",3.30461837230389,71.608609232704,30,3.31515973849759,1.56550228732154,88.2632860667487,5.00858784396734,22.2590510930039,96.1525572986074,130,11.1636702527121,3.10925420261402,97.1991676992495,20.6522279072078,"Surrogate"
"260","2","Group9&6",NA,"TurnTaking",2.83000178386244,70.5078185766644,24,2.88580160448236,1.28022262322402,89.5741940301294,4.07449759411265,18.0399288717859,93.5002682780014,86,7.0994640927543,2.66732870846065,94.5247248467738,9.46909858015297,"Surrogate"
"261","2","Group9&6",NA,"Synchronous",4.05385820565275,88.9959427643068,50,4.1881107158919,1.94149839714263,94.7903182367097,5.32226829268293,21.8298949087748,96.3446302991776,78,8.16782985947374,2.78284155937561,99.5586634351782,13.875124587477,"Surrogate"
"262","2","Group9&6",NA,"TurnTaking",3.32729966370759,81.7546719450428,40,3.2874289727383,1.52602556794985,90.1258024737096,4.08369304556355,20.7005064008281,95.7310681002863,76,8.11674932147272,2.771637338336,99.5360093451757,13.36099706415,"Surrogate"
"263","2","Group9&6",NA,"Synchronous",3.1041143475193,76.4059158237507,35,3.39098141900398,1.60215415265849,94.2696839561362,5.07426407719555,20.9216415276087,96.1505392213357,69,9.40704597813038,2.72485215597136,97.284616169095,14.5749403756335,"Surrogate"
"264","2","Group9&6",NA,"TurnTaking",2.84865045435663,73.1667964838099,23,2.91984902309059,1.29855695021259,93.2402358962946,4.46972884871833,20.4027337630562,95.9620023176784,81,9.50213837113368,2.75338075781561,96.7289787166387,15.0283208284899,"Surrogate"
"265","2","Group9&6",NA,"Synchronous",3.57446938897341,80.3096811062995,48,3.86511286039454,1.81248345024012,93.4999482715301,5.06684998798622,23.7923390590586,96.5876605173154,98,9.30524201195485,2.87112914147074,99.5892331550233,13.9588881508354,"Surrogate"
"266","2","Group9&6",NA,"TurnTaking",3.75236256114748,80.5307741042307,38,3.37374909069461,1.56997663858135,91.1227913743342,4.26201764783353,19.378084343241,93.6285480007305,58,6.58137588643557,2.59173172445532,99.5250235429341,13.4248040861176,"Surrogate"
"267","2","Group9&7",NA,"Synchronous",3.77418097733473,74.9953341669622,25,3.055237696972,1.41810367764067,92.2528508239861,5.2818293529946,21.3862542696617,98.4400689445402,116,11.5086340145086,3.19793279623548,99.5542127141843,20.3309425211198,"Surrogate"
"268","2","Group9&7",NA,"TurnTaking",2.49932686928268,74.2413460251252,24,2.94798981618779,1.32709042787634,95.9021764403328,7.0664001661302,19.6561511837096,98.9212258348057,90,10.6346558888826,3.08808076892774,99.6695018612031,17.6475928559151,"Surrogate"
"269","2","Group9&7",NA,"Synchronous",4.12940381133744,83.5941764465066,30,3.40605018070614,1.61930922348615,94.5508665393013,5.28101181402439,23.8435637240557,98.6342280365564,91,9.3249948414609,2.93033270577541,99.5539579231943,13.6575343832964,"Surrogate"
"270","2","Group9&7",NA,"TurnTaking",2.8494252810816,74.4799456152277,19,2.84699156646429,1.25628328265069,88.9994437921019,3.88827388827389,20.2437516923828,98.8702772550754,75,9.22855680327607,2.87596396723413,99.6225402994999,13.369291981463,"Surrogate"
"271","2","Group9&7",NA,"Synchronous",3.18110394846416,70.1890448116472,21,3.00123085662887,1.37352704362214,88.0035428603061,3.6439360946203,23.0755233354976,98.547349461533,129,11.7038273710148,2.99192876721603,99.6568334864365,22.1672965019062,"Surrogate"
"272","2","Group9&7",NA,"TurnTaking",2.78564295385784,71.1280248817862,23,2.83837441033274,1.24826019314829,89.2861658280021,3.82805724197745,21.1969502503209,99.2626611956837,110,11.7966194005174,2.90837291230587,99.925284092304,22.1288714909658,"Surrogate"
"273","2","Group9&7",NA,"Synchronous",5.7706629118094,91.0597562389761,63,4.5154119694333,2.06990289955233,96.0753498648146,5.8179247897995,22.1024975536883,98.4724898266708,99,9.25405652584375,2.95123227109051,99.6030341439296,13.7361135163218,"Surrogate"
"274","2","Group9&7",NA,"TurnTaking",4.42764166165817,89.2794075535334,48,4.23341819896275,1.93236036823738,92.5101021349709,4.71298603934918,19.5080801574937,98.5043597646101,97,8.88535793061961,2.84132717964964,99.5862536257272,13.4649714457469,"Surrogate"
"275","2","Group9&8",NA,"Synchronous",3.41133314397038,64.1521998358447,18,3.02836464653849,1.40037165311249,77.8715562231893,3.58216185410334,20.2963640895844,95.5557264891521,111,10.1704250848259,3.02255121878269,96.6540603139196,16.9727750262644,"Surrogate"
"276","2","Group9&8",NA,"TurnTaking",3.34668794153017,75.6445740023573,28,2.96867385288894,1.34280440136429,94.0688668125947,4.3487229384578,22.6842522404503,97.4207426462604,115,11.5983375970721,3.1106518174862,98.0853436027474,20.9243719412724,"Surrogate"
"277","2","Group9&8",NA,"Synchronous",4.97489825556568,89.1486642903412,53,3.99240682909817,1.88798984847343,94.8805170808718,5.43152988855116,24.7566394746323,98.9896795828951,96,10.3397568669355,3.02701289403356,99.5591278129951,13.8235282671933,"Surrogate"
"278","2","Group9&8",NA,"TurnTaking",4.28155160460451,82.4974499868386,41,3.60899996401454,1.66971051567988,91.6828441695183,4.4370708015685,22.4967002330176,98.9295931035015,95,10.3219494927554,2.9225443556731,99.5489979874932,13.3467140833859,"Surrogate"
"279","2","Group9&8",NA,"Synchronous",3.5270816908621,75.5796537055898,19,3.12349117920149,1.45957759137936,94.3452559263475,4.67795519247432,23.7336553334625,98.810186829684,121,13.2317954038288,3.14176306993978,99.8517027506253,29.1592461367711,"Surrogate"
"280","2","Group9&8",NA,"TurnTaking",2.81355432565509,69.9698947882308,26,2.85601512403239,1.25783524856105,89.1996770418031,3.81980702224605,25.0946736929861,99.3537518888362,150,14.7186847171589,3.10970884522308,99.836105008924,34.717602942237,"Surrogate"
"281","2","Group9&8",NA,"Synchronous",3.52683515508597,70.516482089895,24,3.2716890217064,1.54878896352142,93.5374828987707,4.95582127456946,21.5588187692862,95.9698203203513,103,8.67999155823363,2.8241504333209,99.6139434175261,13.8470701399219,"Surrogate"
"282","2","Group9&8",NA,"TurnTaking",4.30636366950189,83.8066613506716,39,3.50297405394319,1.64649272447269,92.0022899670817,4.44866927670344,20.96407143976,96.8058073521953,88,9.01745785834855,2.8530807766701,99.4640627469411,13.58536199453,"Surrogate"
"283","1","1","1","Synchronous",3.53164202993646,81.4967049060288,31,3.1961174713788,1.49339207229004,92.9196973395167,3.72934952978056,19.7782392775304,98.2854216456128,81,9.82434945823735,2.88333915734584,99.216968248549,16.3390588103002,"Shuffled"
"284","1","1","2","TurnTaking",3.53164202993646,81.4967049060288,31,3.1961174713788,1.49339207229004,92.9196973395167,3.72934952978056,19.7782392775304,98.2854216456128,81,9.82434945823735,2.88333915734584,99.216968248549,16.3390588103002,"Shuffled"
"285","1","2","1","TurnTaking",3.53164202993646,81.4967049060288,31,3.1961174713788,1.49339207229004,92.9196973395167,3.72934952978056,19.7782392775304,98.2854216456128,81,9.82434945823735,2.88333915734584,99.216968248549,16.3390588103002,"Shuffled"
"286","1","2","2","Synchronous",3.53164202993646,81.4967049060288,31,3.1961174713788,1.49339207229004,92.9196973395167,3.72934952978056,19.7782392775304,98.2854216456128,81,9.82434945823735,2.88333915734584,99.216968248549,16.3390588103002,"Shuffled"
"287","1","3","2","TurnTaking",3.53164202993646,81.4967049060288,31,3.1961174713788,1.49339207229004,92.9196973395167,3.72934952978056,19.7782392775304,98.2854216456128,81,9.82434945823735,2.88333915734584,99.216968248549,16.3390588103002,"Shuffled"
"288","1","3","3","Synchronous",3.53164202993646,81.4967049060288,31,3.1961174713788,1.49339207229004,92.9196973395167,3.72934952978056,19.7782392775304,98.2854216456128,81,9.82434945823735,2.88333915734584,99.216968248549,16.3390588103002,"Shuffled"
"289","1","4","1","Synchronous",3.53164202993646,81.4967049060288,31,3.1961174713788,1.49339207229004,92.9196973395167,3.72934952978056,19.7782392775304,98.2854216456128,81,9.82434945823735,2.88333915734584,99.216968248549,16.3390588103002,"Shuffled"
"290","1","4","3","TurnTaking",3.53164202993646,81.4967049060288,31,3.1961174713788,1.49339207229004,92.9196973395167,3.72934952978056,19.7782392775304,98.2854216456128,81,9.82434945823735,2.88333915734584,99.216968248549,16.3390588103002,"Shuffled"
"291","2","10","1","Conversation",3.53164202993646,81.4967049060288,31,3.1961174713788,1.49339207229004,92.9196973395167,3.72934952978056,19.7782392775304,98.2854216456128,81,9.82434945823735,2.88333915734584,99.216968248549,16.3390588103002,"Shuffled"
"292","2","10","2","TurnTaking",3.53164202993646,81.4967049060288,31,3.1961174713788,1.49339207229004,92.9196973395167,3.72934952978056,19.7782392775304,98.2854216456128,81,9.82434945823735,2.88333915734584,99.216968248549,16.3390588103002,"Shuffled"
"293","2","10","3","Synchronous",3.53164202993646,81.4967049060288,31,3.1961174713788,1.49339207229004,92.9196973395167,3.72934952978056,19.7782392775304,98.2854216456128,81,9.82434945823735,2.88333915734584,99.216968248549,16.3390588103002,"Shuffled"
"294","2","5","1","Synchronous",3.53164202993646,81.4967049060288,31,3.1961174713788,1.49339207229004,92.9196973395167,3.72934952978056,19.7782392775304,98.2854216456128,81,9.82434945823735,2.88333915734584,99.216968248549,16.3390588103002,"Shuffled"
"295","2","5","2","TurnTaking",3.53164202993646,81.4967049060288,31,3.1961174713788,1.49339207229004,92.9196973395167,3.72934952978056,19.7782392775304,98.2854216456128,81,9.82434945823735,2.88333915734584,99.216968248549,16.3390588103002,"Shuffled"
"296","2","5","3","Conversation",3.53164202993646,81.4967049060288,31,3.1961174713788,1.49339207229004,92.9196973395167,3.72934952978056,19.7782392775304,98.2854216456128,81,9.82434945823735,2.88333915734584,99.216968248549,16.3390588103002,"Shuffled"
"297","2","6","1","TurnTaking",3.53164202993646,81.4967049060288,31,3.1961174713788,1.49339207229004,92.9196973395167,3.72934952978056,19.7782392775304,98.2854216456128,81,9.82434945823735,2.88333915734584,99.216968248549,16.3390588103002,"Shuffled"
"298","2","6","2","Conversation",3.53164202993646,81.4967049060288,31,3.1961174713788,1.49339207229004,92.9196973395167,3.72934952978056,19.7782392775304,98.2854216456128,81,9.82434945823735,2.88333915734584,99.216968248549,16.3390588103002,"Shuffled"
"299","2","6","3","Synchronous",3.53164202993646,81.4967049060288,31,3.1961174713788,1.49339207229004,92.9196973395167,3.72934952978056,19.7782392775304,98.2854216456128,81,9.82434945823735,2.88333915734584,99.216968248549,16.3390588103002,"Shuffled"
"300","2","7","1","Conversation",3.53164202993646,81.4967049060288,31,3.1961174713788,1.49339207229004,92.9196973395167,3.72934952978056,19.7782392775304,98.2854216456128,81,9.82434945823735,2.88333915734584,99.216968248549,16.3390588103002,"Shuffled"
"301","2","7","2","Synchronous",3.53164202993646,81.4967049060288,31,3.1961174713788,1.49339207229004,92.9196973395167,3.72934952978056,19.7782392775304,98.2854216456128,81,9.82434945823735,2.88333915734584,99.216968248549,16.3390588103002,"Shuffled"
"302","2","7","3","TurnTaking",3.53164202993646,81.4967049060288,31,3.1961174713788,1.49339207229004,92.9196973395167,3.72934952978056,19.7782392775304,98.2854216456128,81,9.82434945823735,2.88333915734584,99.216968248549,16.3390588103002,"Shuffled"
"303","2","8","1","TurnTaking",3.53164202993646,81.4967049060288,31,3.1961174713788,1.49339207229004,92.9196973395167,3.72934952978056,19.7782392775304,98.2854216456128,81,9.82434945823735,2.88333915734584,99.216968248549,16.3390588103002,"Shuffled"
"304","2","8","2","Synchronous",3.53164202993646,81.4967049060288,31,3.1961174713788,1.49339207229004,92.9196973395167,3.72934952978056,19.7782392775304,98.2854216456128,81,9.82434945823735,2.88333915734584,99.216968248549,16.3390588103002,"Shuffled"
"305","2","8","3","Conversation",3.53164202993646,81.4967049060288,31,3.1961174713788,1.49339207229004,92.9196973395167,3.72934952978056,19.7782392775304,98.2854216456128,81,9.82434945823735,2.88333915734584,99.216968248549,16.3390588103002,"Shuffled"
"306","2","9","1","Synchronous",3.53164202993646,81.4967049060288,31,3.1961174713788,1.49339207229004,92.9196973395167,3.72934952978056,19.7782392775304,98.2854216456128,81,9.82434945823735,2.88333915734584,99.216968248549,16.3390588103002,"Shuffled"
"307","2","9","2","Conversation",3.53164202993646,81.4967049060288,31,3.1961174713788,1.49339207229004,92.9196973395167,3.72934952978056,19.7782392775304,98.2854216456128,81,9.82434945823735,2.88333915734584,99.216968248549,16.3390588103002,"Shuffled"
"308","2","9","3","TurnTaking",3.53164202993646,81.4967049060288,31,3.1961174713788,1.49339207229004,92.9196973395167,3.72934952978056,19.7782392775304,98.2854216456128,81,9.82434945823735,2.88333915734584,99.216968248549,16.3390588103002,"Shuffled"
